{
    "192.168.137.170": 227.3510742,
    "192.168.137.171": 110.4345703,
    "192.168.137.172": 293.1152344,
    "192.168.137.173": 108.3691406,
    "192.168.137.174": 264.4189453,
    "192.168.137.175": 31.33300781,
    "192.168.137.150": 191.6894531,
    "192.168.137.151": 328.3813477,
    "192.168.137.152": 156.5991211,
    "192.168.137.153": 110.3466797,
    "192.168.137.154": 185.1635742,
    "192.168.137.155": 47.94433594,
    "192.168.137.190": 276.1743164,
    "192.168.137.191": 251.5649414,
    "192.168.137.192": 343.6523438
}