{
    "192.168.137.170": 93.62548828,
    "192.168.137.171": 226.9116211,
    "192.168.137.172": 357.8686523,
    "192.168.137.173": 145.8984375,
    "192.168.137.174": 162.1362305,
    "192.168.137.175": 286.4794922,
    "192.168.137.150": 247.8955078,
    "192.168.137.151": 24.34570313,
    "192.168.137.152": 235.8544922,
    "192.168.137.153": 238.9746094,
    "192.168.137.154": 108.4570313,
    "192.168.137.155": 105.7324219,
    "192.168.137.190": 302.5195313,
    "192.168.137.191": 78.15673828,
    "192.168.137.192": 265.0341797
}